Platform,Time
nanos,49.59890127182007
docker,49.097397565841675
